insert into Ky(MaKy) values
('SP21'), ('SU21'), ('FA21'), ('SP22'), ('SU22'), ('FA22'), ('SP23'), ('SU23'), ('FA23'), ('SP24')

insert into Mon(MaMon, Ten, SoHocPhan) values
('MAE101', 'Mathematics for Engineering', 3), ('MAD101', 'Discrete mathematics', 3),
('PFP191', 'Programming Fundamentals with Python', 3), ('SSL101c','Academic Skills for University Success', 3),
('CEA201', 'Computer Organization and Architecture', 3), ('DBI202', 'Introduction to Databases', 3),
('CSD203', 'Data Structures and Algorithm with Python', 3), ('SSG104', 'Communication and In-Group Working Skills', 3),
('CSI105', 'Introduction to Computer Science', 3), ('MAI391', 'Mathematics for Machine Learning', 3),
('JPD113', 'Elementary Japanese 1', 3)

insert into MonKy values
('SP23', 'SSL101c'), ('SP23', 'MAE101'), ('SP23', 'CSI105'),('SU23', 'MAD101'), ('SU23', 'PFP191'), 
('FA23', 'CEA201'), ('FA23', 'SSG104'), ('SP24', 'DBI202'), ('SP24', 'MAI391'), ('SP24', 'JPD113')

INSERT INTO GiaoVien (MaGiaoVien, Ten, GioiTinh, NgaySinh, DiaChi)
VALUES 
('GV001', N'Nguyễn Văn A', 'Nam', '1990-05-15', N'Hà Nội'),
('GV002', N'Trần Thị B', N'Nữ', '1985-08-20', N'Tp Hồ Chí Minh'),
('GV003', N'Lê Văn C', 'Nam', '1982-11-10', N'Đà Nẵng'),
('GV004', N'Phạm Thị D', N'Nữ', '1995-03-25', N'Hải Phòng'),
('GV005', N'Huỳnh Văn E', 'Nam', '1988-07-03', N'Hà Tĩnh'),
('GV006', N'Võ Thị F', N'Nữ', '1980-09-12', N'Bình Dương'),
('GV007', N'Nguyễn Văn G', 'Nam', '1992-12-28', N'Cần Thơ'),
('GV008', N'Lê Thị H', N'Nữ', '1984-06-18', N'Quảng Ninh'),
('GV009', N'Trần Văn I', 'Nam', '1998-02-07', N'Bình Phước'),
('GV010', N'Hoàng Thị K', N'Nữ', '1987-04-30', N'Vĩnh Long'),
('GV011', N'Đặng Văn L', 'Nam', '1991-10-22', N'Thái Nguyên'),
('GV012', N'Mai Thị M', N'Nữ', '1983-08-15', N'Thanh Hóa'),
('GV013', N'Vũ Văn N', 'Nam', '1986-06-09', N'Bình Định'),
('GV014', N'Nguyễn Thị P', N'Nữ', '1994-12-03', N'Tây Ninh'),
('GV015', N'Lý Văn Q', 'Nam', '1989-05-18', N'Đồng Nai'),
('GV016', N'Tran Thị R', N'Nữ', '1981-09-20', N'Nghệ An'),
('GV017', N'Hoàng Văn S', 'Nam', '1993-07-14', N'Long An'),
('GV018', N'Phan Thị T', N'Nữ', '1986-04-08', N'An Giang'),
('GV019', N'Dương Văn U', 'Nam', '1990-11-26', N'Đắk Lắk'),
('GV020', N'Thái Thị V', N'Nữ', '1984-02-09', N'Bạc Liêu');

INSERT INTO Lop (MaLop, GiaoVien, MaKy, MaMon)
VALUES 
('Lop001', 'GV001', 'SP23', 'SSL101c'),
('Lop002', 'GV002', 'SP23', 'SSL101c'),
('Lop003', 'GV003', 'SP23', 'MAE101'),
('Lop004', 'GV004', 'SP23', 'MAE101'),
('Lop005', 'GV005', 'SP23', 'CSI105'),
('Lop006', 'GV006', 'SP23', 'CSI105'),
('Lop007', 'GV007', 'SU23', 'MAD101'),
('Lop008', 'GV008', 'SU23', 'MAD101'),
('Lop009', 'GV009', 'SU23', 'PFP191'),
('Lop010', 'GV010', 'SU23', 'PFP191'),
('Lop011', 'GV011', 'FA23', 'CEA201'),
('Lop012', 'GV012', 'FA23', 'CEA201'),
('Lop013', 'GV013', 'FA23', 'SSG104'),
('Lop014', 'GV014', 'FA23', 'SSG104'),
('Lop015', 'GV015', 'SP24', 'DBI202'),
('Lop016', 'GV016', 'SP24', 'DBI202'),
('Lop017', 'GV017', 'SP24', 'MAI391'),
('Lop018', 'GV018', 'SP24', 'MAI391'),
('Lop019', 'GV019', 'SP24', 'JPD113'),
('Lop020', 'GV020', 'SP24', 'JPD113');

insert into Slot values
(1, '07:30:00', '09:30:00'),
(2, '10:00:00', '12:00:00'),
(3, '13:00:00', '15:00:00'),
(4, '15:30:00', '17:30:00')

-- sp23
insert into ThoiKhoaBieu values
-- tuần 1 2023-01-02
-- thứ 2
('Lop001', 1, '2023-01-02', 'DE310', 1, 'GV001'),
('Lop002', 1, '2023-01-02', 'DE336', 3, 'GV002'),
('Lop003', 1, '2023-01-02', 'DE210', 2, 'GV003'),
('Lop004', 1, '2023-01-02', 'DE120', 4, 'GV004'),

-- thứ 3
('Lop005', 1, '2023-01-03', 'BE215', 1, 'GV005'),
('Lop006', 1, '2023-01-03', 'BE215', 3, 'GV006'),

-- thứ 4
('Lop001', 2, '2023-01-04', 'DE310', 1, 'GV001'),
('Lop002', 2, '2023-01-04', 'DE336', 3, 'GV002'),
('Lop003', 2, '2023-01-04', 'DE210', 2, 'GV003'),
('Lop004', 2, '2023-01-04', 'DE120', 4, 'GV004'),

-- thứ 5
('Lop005', 2, '2023-01-05', 'BE215', 1, 'GV005'),
('Lop006', 2, '2023-01-05', 'BE215', 3, 'GV006'),

-- tuần 2 2023-01-09
-- thứ 2
('Lop001', 3, '2023-01-09', 'DE310', 1, 'GV001'),
('Lop002', 3, '2023-01-09', 'DE336', 3, 'GV002'),
('Lop003', 3, '2023-01-09', 'DE210', 2, 'GV003'),
('Lop004', 3, '2023-01-09', 'DE120', 4, 'GV004'),

-- thứ 3
('Lop005', 3, '2023-01-10', 'BE215', 1, 'GV005'),
('Lop006', 3, '2023-01-10', 'BE215', 3, 'GV006'),

-- thứ 4
('Lop001', 4, '2023-01-11', 'DE310', 1, 'GV001'),
('Lop002', 4, '2023-01-11', 'DE336', 3, 'GV002'),
('Lop003', 4, '2023-01-11', 'DE210', 2, 'GV003'),
('Lop004', 4, '2023-01-11', 'DE120', 4, 'GV004'),

-- thứ 5
('Lop005', 4, '2023-01-12', 'BE215', 1, 'GV005'),
('Lop006', 4, '2023-01-12', 'BE215', 3, 'GV006'),

-- tuần 3 2023-01-16
-- thứ 2
('Lop001', 5, '2023-01-16', 'DE310', 1, 'GV001'),
('Lop002', 5, '2023-01-16', 'DE336', 3, 'GV002'),
('Lop003', 5, '2023-01-16', 'DE210', 2, 'GV003'),
('Lop004', 5, '2023-01-16', 'DE120', 4, 'GV004'),

-- thứ 3
('Lop005', 5, '2023-01-17', 'BE215', 1, 'GV005'),
('Lop006', 5, '2023-01-17', 'BE215', 3, 'GV006'),

-- thứ 4
('Lop001', 6, '2023-01-18', 'DE310', 1, 'GV001'),
('Lop002', 6, '2023-01-18', 'DE336', 3, 'GV002'),
('Lop003', 6, '2023-01-18', 'DE210', 2, 'GV003'),
('Lop004', 6, '2023-01-18', 'DE120', 4, 'GV004'),

-- thứ 5
('Lop005', 6, '2023-01-19', 'BE215', 1, 'GV005'),
('Lop006', 6, '2023-01-19', 'BE215', 3, 'GV006'),

-- tuần 4 2023-02-06 (Sau Tết Nguyên Đán)
-- thứ 2
('Lop001', 7, '2023-02-06', 'DE310', 1, 'GV001'),
('Lop002', 7, '2023-02-06', 'DE336', 3, 'GV002'),
('Lop003', 7, '2023-02-06', 'DE210', 2, 'GV003'),
('Lop004', 7, '2023-02-06', 'DE120', 4, 'GV004'),

-- thứ 3
('Lop005', 7, '2023-02-07', 'BE215', 1, 'GV005'),
('Lop006', 7, '2023-02-07', 'BE215', 3, 'GV006'),

-- thứ 4
('Lop001', 8, '2023-02-08', 'DE310', 1, 'GV001'),
('Lop002', 8, '2023-02-08', 'DE336', 3, 'GV002'),
('Lop003', 8, '2023-02-08', 'DE210', 2, 'GV003'),
('Lop004', 8, '2023-02-08', 'DE120', 4, 'GV004'),

-- thứ 5
('Lop005', 8, '2023-02-09', 'BE215', 1, 'GV005'),
('Lop006', 8, '2023-02-09', 'BE215', 3, 'GV006'),

-- tuần 5 2023-02-13
-- thứ 2
('Lop001', 9, '2023-02-13', 'DE310', 1, 'GV001'),
('Lop002', 9, '2023-02-13', 'DE336', 3, 'GV002'),
('Lop003', 9, '2023-02-13', 'DE210', 2, 'GV003'),
('Lop004', 9, '2023-02-13', 'DE120', 4, 'GV004'),

-- thứ 3
('Lop005', 9, '2023-02-14', 'BE215', 1, 'GV005'),
('Lop006', 9, '2023-02-14', 'BE215', 3, 'GV006'),

-- thứ 4
('Lop001', 10, '2023-02-15', 'DE310', 1, 'GV001'),
('Lop002', 10, '2023-02-15', 'DE336', 3, 'GV002'),
('Lop003', 10, '2023-02-15', 'DE210', 2, 'GV003'),
('Lop004', 10, '2023-02-15', 'DE120', 4, 'GV004'),

-- thứ 5
('Lop005', 10, '2023-02-16', 'BE215', 1, 'GV005'),
('Lop006', 10, '2023-02-16', 'BE215', 3, 'GV006'),

-- tuần 6 2023-02-20
-- thứ 2
('Lop001', 11, '2023-02-20', 'DE310', 1, 'GV001'),
('Lop002', 11, '2023-02-20', 'DE336', 3, 'GV002'),
('Lop003', 11, '2023-02-20', 'DE210', 2, 'GV003'),
('Lop004', 11, '2023-02-20', 'DE120', 4, 'GV004'),

-- thứ 3
('Lop005', 11, '2023-02-21', 'BE215', 1, 'GV005'),
('Lop006', 11, '2023-02-21', 'BE215', 3, 'GV006'),

-- thứ 4
('Lop001', 12, '2023-02-22', 'DE310', 1, 'GV001'),
('Lop002', 12, '2023-02-22', 'DE336', 3, 'GV002'),
('Lop003', 12, '2023-02-22', 'DE210', 2, 'GV003'),
('Lop004', 12, '2023-02-22', 'DE120', 4, 'GV004'),

-- thứ 5
('Lop005', 12, '2023-02-23', 'BE215', 1, 'GV005'),
('Lop006', 12, '2023-02-23', 'BE215', 3, 'GV006'),

-- tuần 7 2023-02-27
-- thứ 2
('Lop001', 13, '2023-02-27', 'DE310', 1, 'GV001'),
('Lop002', 13, '2023-02-27', 'DE336', 3, 'GV002'),
('Lop003', 13, '2023-02-27', 'DE210', 2, 'GV003'),
('Lop004', 13, '2023-02-27', 'DE120', 4, 'GV004'),

-- thứ 3
('Lop005', 13, '2023-02-28', 'BE215', 1, 'GV005'),
('Lop006', 13, '2023-02-28', 'BE215', 3, 'GV006'),

-- thứ 4
('Lop001', 14, '2023-03-01', 'DE310', 1, 'GV001'),
('Lop002', 14, '2023-03-01', 'DE336', 3, 'GV002'),
('Lop003', 14, '2023-03-01', 'DE210', 2, 'GV003'),
('Lop004', 14, '2023-03-01', 'DE120', 4, 'GV004'),

-- thứ 5
('Lop005', 14, '2023-03-02', 'BE215', 1, 'GV005'),
('Lop006', 14, '2023-03-02', 'BE215', 3, 'GV006'),

-- tuần 8 2023-03-06
-- thứ 2
('Lop001', 15, '2023-03-06', 'DE310', 1, 'GV001'),
('Lop002', 15, '2023-03-06', 'DE336', 3, 'GV002'),
('Lop003', 15, '2023-03-06', 'DE210', 2, 'GV003'),
('Lop004', 15, '2023-03-06', 'DE120', 4, 'GV004'),

-- thứ 3
('Lop005', 15, '2023-03-07', 'BE215', 1, 'GV005'),
('Lop006', 15, '2023-03-07', 'BE215', 3, 'GV006'),

-- thứ 4
('Lop001', 16, '2023-03-08', 'DE310', 1, 'GV001'),
('Lop002', 16, '2023-03-08', 'DE336', 3, 'GV002'),
('Lop003', 16, '2023-03-08', 'DE210', 2, 'GV003'),
('Lop004', 16, '2023-03-08', 'DE120', 4, 'GV004'),

-- thứ 5
('Lop005', 16, '2023-03-09', 'BE215', 1, 'GV005'),
('Lop006', 16, '2023-03-09', 'BE215', 3, 'GV006'),

-- tuần 9 2023-03-13
-- thứ 2
('Lop001', 17, '2023-03-13', 'DE310', 1, 'GV001'),
('Lop002', 17, '2023-03-13', 'DE336', 3, 'GV002'),
('Lop003', 17, '2023-03-13', 'DE210', 2, 'GV003'),
('Lop004', 17, '2023-03-13', 'DE120', 4, 'GV004'),

-- thứ 3
('Lop005', 17, '2023-03-14', 'BE215', 1, 'GV005'),
('Lop006', 17, '2023-03-14', 'BE215', 3, 'GV006'),

-- thứ 4
('Lop001', 18, '2023-03-15', 'DE310', 1, 'GV001'),
('Lop002', 18, '2023-03-15', 'DE336', 3, 'GV002'),
('Lop003', 18, '2023-03-15', 'DE210', 2, 'GV003'),
('Lop004', 18, '2023-03-15', 'DE120', 4, 'GV004'),

-- thứ 5
('Lop005', 18, '2023-03-16', 'BE215', 1, 'GV005'),
('Lop006', 18, '2023-03-16', 'BE215', 3, 'GV006'),

-- tuần 10 2023-03-20
-- thứ 2
('Lop001', 19, '2023-03-20', 'DE310', 1, 'GV001'),
('Lop002', 19, '2023-03-20', 'DE336', 3, 'GV002'),
('Lop003', 19, '2023-03-20', 'DE210', 2, 'GV003'),
('Lop004', 19, '2023-03-20', 'DE120', 4, 'GV004'),

-- thứ 3
('Lop005', 19, '2023-03-21', 'BE215', 1, 'GV005'),
('Lop006', 19, '2023-03-21', 'BE215', 3, 'GV006'),

-- thứ 4
('Lop001', 20, '2023-03-22', 'DE310', 1, 'GV001'),
('Lop002', 20, '2023-03-22', 'DE336', 3, 'GV002'),
('Lop003', 20, '2023-03-22', 'DE210', 2, 'GV003'),
('Lop004', 20, '2023-03-22', 'DE120', 4, 'GV004'),

-- thứ 5
('Lop005', 20, '2023-03-23', 'BE215', 1, 'GV005'),
('Lop006', 20, '2023-03-23', 'BE215', 3, 'GV006')

-- su 23
insert into ThoiKhoaBieu values
-- tuần 1 2023-05-01
-- thứ 2
('Lop007', 1, '2023-05-01', 'AL210', 1, 'GV007'),
('Lop008', 1, '2023-05-01', 'AL210', 2, 'GV008'),

-- thứ 3
('Lop009', 1, '2023-05-02', 'AL215', 1, 'GV009'),
('Lop010', 1, '2023-05-02', 'AL215', 2, 'GV010'), 

-- thứ 4
('Lop007', 2, '2023-05-03', 'AL210', 1, 'GV007'),
('Lop008', 2, '2023-05-03', 'AL210', 2, 'GV008'),

-- thứ 5
('Lop009', 2, '2023-05-04', 'AL215', 1, 'GV009'),
('Lop010', 2, '2023-05-04', 'AL215', 2, 'GV010'),

-- tuần 2 2023-05-08
-- thứ 2
('Lop007', 3, '2023-05-08', 'AL210', 1, 'GV007'),
('Lop008', 3, '2023-05-08', 'AL210', 2, 'GV008'),

-- thứ 3
('Lop009', 3, '2023-05-09', 'AL215', 1, 'GV009'),
('Lop010', 3, '2023-05-09', 'AL215', 2, 'GV010'), 

-- thứ 4
('Lop007', 4, '2023-05-10', 'AL210', 1, 'GV007'),
('Lop008', 4, '2023-05-10', 'AL210', 2, 'GV008'),

-- thứ 5
('Lop009', 4, '2023-05-11', 'AL215', 1, 'GV009'),
('Lop010', 4, '2023-05-11', 'AL215', 2, 'GV010'),

-- tuần 3 2023-05-15
-- thứ 2
('Lop007', 5, '2023-05-15', 'AL210', 1, 'GV007'),
('Lop008', 5, '2023-05-15', 'AL210', 2, 'GV008'),

-- thứ 3
('Lop009', 5, '2023-05-16', 'AL215', 1, 'GV009'),
('Lop010', 5, '2023-05-16', 'AL215', 2, 'GV010'), 

-- thứ 4
('Lop007', 6, '2023-05-17', 'AL210', 1, 'GV007'),
('Lop008', 6, '2023-05-17', 'AL210', 2, 'GV008'),

-- thứ 5
('Lop009', 6, '2023-05-18', 'AL215', 1, 'GV009'),
('Lop010', 6, '2023-05-18', 'AL215', 2, 'GV010'),

-- tuần 4 2023-05-22
-- thứ 2
('Lop007', 7, '2023-05-22', 'AL210', 1, 'GV007'),
('Lop008', 7, '2023-05-22', 'AL210', 2, 'GV008'),

-- thứ 3
('Lop009', 7, '2023-05-23', 'AL215', 1, 'GV009'),
('Lop010', 7, '2023-05-23', 'AL215', 2, 'GV010'), 

-- thứ 4
('Lop007', 8, '2023-05-24', 'AL210', 1, 'GV007'),
('Lop008', 8, '2023-05-24', 'AL210', 2, 'GV008'),

-- thứ 5
('Lop009', 8, '2023-05-25', 'AL215', 1, 'GV009'),
('Lop010', 8, '2023-05-25', 'AL215', 2, 'GV010'),

-- tuần 5 2023-05-29
-- thứ 2
('Lop007', 9, '2023-05-29', 'AL210', 1, 'GV007'),
('Lop008', 9, '2023-05-29', 'AL210', 2, 'GV008'),

-- thứ 3
('Lop009', 9, '2023-05-30', 'AL215', 1, 'GV009'),
('Lop010', 9, '2023-05-30', 'AL215', 2, 'GV010'), 

-- thứ 4
('Lop007', 10, '2023-05-31', 'AL210', 1, 'GV007'),
('Lop008', 10, '2023-05-31', 'AL210', 2, 'GV008'),

-- thứ 5
('Lop009', 10, '2023-06-01', 'AL215', 1, 'GV009'),
('Lop010', 10, '2023-06-01', 'AL215', 2, 'GV010'),

-- tuần 6 2023-06-05
-- thứ 2
('Lop007', 11, '2023-06-05', 'AL210', 1, 'GV007'),
('Lop008', 11, '2023-06-05', 'AL210', 2, 'GV008'),

-- thứ 3
('Lop009', 11, '2023-06-06', 'AL215', 1, 'GV009'),
('Lop010', 11, '2023-06-06', 'AL215', 2, 'GV010'), 

-- thứ 4
('Lop007', 12, '2023-06-07', 'AL210', 1, 'GV007'),
('Lop008', 12, '2023-06-07', 'AL210', 2, 'GV008'),

-- thứ 5
('Lop009', 12, '2023-06-08', 'AL215', 1, 'GV009'),
('Lop010', 12, '2023-06-08', 'AL215', 2, 'GV010'),

-- tuần 7 2023-06-12
-- thứ 2
('Lop007', 13, '2023-06-12', 'AL210', 1, 'GV007'),
('Lop008', 13, '2023-06-12', 'AL210', 2, 'GV008'),

-- thứ 3
('Lop009', 13, '2023-06-13', 'AL215', 1, 'GV009'),
('Lop010', 13, '2023-06-13', 'AL215', 2, 'GV010'), 

-- thứ 4
('Lop007', 14, '2023-06-14', 'AL210', 1, 'GV007'),
('Lop008', 14, '2023-06-14', 'AL210', 2, 'GV008'),

-- thứ 5
('Lop009', 14, '2023-06-15', 'AL215', 1, 'GV009'),
('Lop010', 14, '2023-06-15', 'AL215', 2, 'GV010'),

-- tuần 8 2023-06-19
-- thứ 2
('Lop007', 15, '2023-06-19', 'AL210', 1, 'GV007'),
('Lop008', 15, '2023-06-19', 'AL210', 2, 'GV008'),

-- thứ 3
('Lop009', 15, '2023-06-20', 'AL215', 1, 'GV009'),
('Lop010', 15, '2023-06-20', 'AL215', 2, 'GV010'), 

-- thứ 4
('Lop007', 16, '2023-06-21', 'AL210', 1, 'GV007'),
('Lop008', 16, '2023-06-21', 'AL210', 2, 'GV008'),

-- thứ 5
('Lop009', 16, '2023-06-22', 'AL215', 1, 'GV009'),
('Lop010', 16, '2023-06-22', 'AL215', 2, 'GV010'),

-- tuần 9 2023-06-26
-- thứ 2
('Lop007', 17, '2023-06-26', 'AL210', 1, 'GV007'),
('Lop008', 17, '2023-06-26', 'AL210', 2, 'GV008'),

-- thứ 3
('Lop009', 17, '2023-06-27', 'AL215', 1, 'GV009'),
('Lop010', 17, '2023-06-27', 'AL215', 2, 'GV010'), 

-- thứ 4
('Lop007', 18, '2023-06-28', 'AL210', 1, 'GV007'),
('Lop008', 18, '2023-06-28', 'AL210', 2, 'GV008'),

-- thứ 5
('Lop009', 18, '2023-06-29', 'AL215', 1, 'GV009'),
('Lop010', 18, '2023-06-29', 'AL215', 2, 'GV010'),

-- tuần 10 2023-07-03
-- thứ 2
('Lop007', 19, '2023-07-03', 'AL210', 1, 'GV007'),
('Lop008', 19, '2023-07-03', 'AL210', 2, 'GV008'),

-- thứ 3
('Lop009', 19, '2023-07-04', 'AL215', 1, 'GV009'),
('Lop010', 19, '2023-07-04', 'AL215', 2, 'GV010'), 

-- thứ 4
('Lop007', 20, '2023-07-05', 'AL210', 1, 'GV007'),
('Lop008', 20, '2023-07-05', 'AL210', 2, 'GV008'),

-- thứ 5
('Lop009', 20, '2023-07-06', 'AL215', 1, 'GV009'),
('Lop010', 20, '2023-07-06', 'AL215', 2, 'GV010');

-- fa23
insert into ThoiKhoaBieu values
-- tuần 1 2023-09-04
-- thứ 2
('Lop011', 1, '2023-09-04', 'DE405', 3, 'GV011'),
('Lop012', 1, '2023-09-04', 'BE308', 4, 'GV012'),

-- thứ 3
('Lop013', 1, '2023-09-05', 'DE405', 3, 'GV013'),
('Lop014', 1, '2023-09-05', 'BE308', 4, 'GV014'),

-- thứ 4
('Lop011', 2, '2023-09-06', 'DE405', 3, 'GV011'),
('Lop012', 2, '2023-09-06', 'BE308', 4, 'GV012'),

-- thứ 5
('Lop013', 2, '2023-09-07', 'DE405', 3, 'GV013'),
('Lop014', 2, '2023-09-07', 'BE308', 4, 'GV014'),

-- tuần 2 2023-09-11
-- thứ 2
('Lop011', 3, '2023-09-11', 'DE405', 3, 'GV011'),
('Lop012', 3, '2023-09-11', 'BE308', 4, 'GV012'),

-- thứ 3
('Lop013', 3, '2023-09-12', 'DE405', 3, 'GV013'),
('Lop014', 3, '2023-09-12', 'BE308', 4, 'GV014'),

-- thứ 4
('Lop011', 4, '2023-09-13', 'DE405', 3, 'GV011'),
('Lop012', 4, '2023-09-13', 'BE308', 4, 'GV012'),

-- thứ 5
('Lop013', 4, '2023-09-14', 'DE405', 3, 'GV013'),
('Lop014', 4, '2023-09-14', 'BE308', 4, 'GV014'),

-- tuần 3 2023-09-18
-- thứ 2
('Lop011', 5, '2023-09-18', 'DE405', 3, 'GV011'),
('Lop012', 5, '2023-09-18', 'BE308', 4, 'GV012'),

-- thứ 3
('Lop013', 5, '2023-09-19', 'DE405', 3, 'GV013'),
('Lop014', 5, '2023-09-19', 'BE308', 4, 'GV014'),

-- thứ 4
('Lop011', 6, '2023-09-20', 'DE405', 3, 'GV011'),
('Lop012', 6, '2023-09-20', 'BE308', 4, 'GV012'),

-- thứ 5
('Lop013', 6, '2023-09-21', 'DE405', 3, 'GV013'),
('Lop014', 6, '2023-09-21', 'BE308', 4, 'GV014'),

-- tuần 4 2023-09-25
-- thứ 2
('Lop011', 7, '2023-09-25', 'DE405', 3, 'GV011'),
('Lop012', 7, '2023-09-25', 'BE308', 4, 'GV012'),

-- thứ 3
('Lop013', 7, '2023-09-26', 'DE405', 3, 'GV013'),
('Lop014', 7, '2023-09-26', 'BE308', 4, 'GV014'),

-- thứ 4
('Lop011', 8, '2023-09-27', 'DE405', 3, 'GV011'),
('Lop012', 8, '2023-09-27', 'BE308', 4, 'GV012'),

-- thứ 5
('Lop013', 8, '2023-09-28', 'DE405', 3, 'GV013'),
('Lop014', 8, '2023-09-28', 'BE308', 4, 'GV014'),

-- tuần 5 2023-10-02
-- thứ 2
('Lop011', 9, '2023-10-02', 'DE405', 3, 'GV011'),
('Lop012', 9, '2023-10-02', 'BE308', 4, 'GV012'),

-- thứ 3
('Lop013', 9, '2023-10-03', 'DE405', 3, 'GV013'),
('Lop014', 9, '2023-10-03', 'BE308', 4, 'GV014'),

-- thứ 4
('Lop011', 10, '2023-10-04', 'DE405', 3, 'GV011'),
('Lop012', 10, '2023-10-04', 'BE308', 4, 'GV012'),

-- thứ 5
('Lop013', 10, '2023-10-05', 'DE405', 3, 'GV013'),
('Lop014', 10, '2023-10-05', 'BE308', 4, 'GV014'),

-- tuần 6 2023-10-09
-- thứ 2
('Lop011', 11, '2023-10-09', 'DE405', 3, 'GV011'),
('Lop012', 11, '2023-10-09', 'BE308', 4, 'GV012'),

-- thứ 3
('Lop013', 11, '2023-10-10', 'DE405', 3, 'GV013'),
('Lop014', 11, '2023-10-10', 'BE308', 4, 'GV014'),

-- thứ 4
('Lop011', 12, '2023-10-11', 'DE405', 3, 'GV011'),
('Lop012', 12, '2023-10-11', 'BE308', 4, 'GV012'),

-- thứ 5
('Lop013', 12, '2023-10-12', 'DE405', 3, 'GV013'),
('Lop014', 12, '2023-10-12', 'BE308', 4, 'GV014'),

-- tuần 7 2023-10-16
-- thứ 2
('Lop011', 13, '2023-10-16', 'DE405', 3, 'GV011'),
('Lop012', 13, '2023-10-16', 'BE308', 4, 'GV012'),

-- thứ 3
('Lop013', 13, '2023-10-17', 'DE405', 3, 'GV013'),
('Lop014', 13, '2023-10-17', 'BE308', 4, 'GV014'),

-- thứ 4
('Lop011', 14, '2023-10-18', 'DE405', 3, 'GV011'),
('Lop012', 14, '2023-10-18', 'BE308', 4, 'GV012'),

-- thứ 5
('Lop013', 14, '2023-10-19', 'DE405', 3, 'GV013'),
('Lop014', 14, '2023-10-19', 'BE308', 4, 'GV014'),

-- tuần 8 2023-10-23
-- thứ 2
('Lop011', 15, '2023-10-23', 'DE405', 3, 'GV011'),
('Lop012', 15, '2023-10-23', 'BE308', 4, 'GV012'),

-- thứ 3
('Lop013', 15, '2023-10-24', 'DE405', 3, 'GV013'),
('Lop014', 15, '2023-10-24', 'BE308', 4, 'GV014'),

-- thứ 4
('Lop011', 16, '2023-10-25', 'DE405', 3, 'GV011'),
('Lop012', 16, '2023-10-25', 'BE308', 4, 'GV012'),

-- thứ 5
('Lop013', 16, '2023-10-26', 'DE405', 3, 'GV013'),
('Lop014', 16, '2023-10-26', 'BE308', 4, 'GV014'),

-- tuần 9 2023-10-30
-- thứ 2
('Lop011', 17, '2023-10-30', 'DE405', 3, 'GV011'),
('Lop012', 17, '2023-10-30', 'BE308', 4, 'GV012'),

-- thứ 3
('Lop013', 17, '2023-10-31', 'DE405', 3, 'GV013'),
('Lop014', 17, '2023-10-31', 'BE308', 4, 'GV014'),

-- thứ 4
('Lop011', 18, '2023-11-01', 'DE405', 3, 'GV011'),
('Lop012', 18, '2023-11-01', 'BE308', 4, 'GV012'),

-- thứ 5
('Lop013', 18, '2023-11-02', 'DE405', 3, 'GV013'),
('Lop014', 18, '2023-11-02', 'BE308', 4, 'GV014'),

-- tuần 10 2023-11-06
-- thứ 2
('Lop011', 19, '2023-11-06', 'DE405', 3, 'GV011'),
('Lop012', 19, '2023-11-06', 'BE308', 4, 'GV012'),

-- thứ 3
('Lop013', 19, '2023-11-07', 'DE405', 3, 'GV013'),
('Lop014', 19, '2023-11-07', 'BE308', 4, 'GV014'),

-- thứ 4
('Lop011', 20, '2023-11-08', 'DE405', 3, 'GV011'),
('Lop012', 20, '2023-11-08', 'BE308', 4, 'GV012'),

-- thứ 5
('Lop013', 20, '2023-11-09', 'DE405', 3, 'GV013'),
('Lop014', 20, '2023-11-09', 'BE308', 4, 'GV014');

-- sp24
insert into ThoiKhoaBieu values
-- tuần 1 2024-01-01 (tết dương, nghỉ thứ 2)
-- thứ 3
('Lop015', 1, '2023-01-02', 'DE111', 1, 'GV015'),
('Lop016', 1, '2023-01-02', 'DE111', 3, 'GV016'),

-- thứ 4
('Lop017', 1, '2023-01-03', 'DE211', 1, 'GV017'),
('Lop018', 1, '2023-01-03', 'DE215', 3, 'GV017'),
('Lop019', 1, '2023-01-03', 'DE211', 2, 'GV019'),
('Lop020', 1, '2023-01-03', 'DE215', 4, 'GV020'),

-- thứ 5
('Lop015', 2, '2023-01-04', 'DE111', 1, 'GV015'),
('Lop016', 2, '2023-01-04', 'DE111', 3, 'GV016'),

-- thứ 6
('Lop017', 2, '2023-01-05', 'DE211', 1, 'GV017'),
('Lop018', 2, '2023-01-05', 'DE215', 3, 'GV018'),
('Lop019', 2, '2023-01-05', 'DE211', 2, 'GV019'),
('Lop020', 2, '2023-01-05', 'DE215', 4, 'GV020'),

-- tuần 2 2024-01-08
-- thứ 2
('Lop015', 3, '2023-01-08', 'DE111', 1, 'GV015'),
('Lop016', 3, '2023-01-08', 'DE111', 3, 'GV016'),

-- thứ 3
('Lop017', 3, '2023-01-09', 'DE211', 1, 'GV017'),
('Lop018', 3, '2023-01-09', 'DE215', 3, 'GV018'),
('Lop019', 3, '2023-01-09', 'DE211', 2, 'GV019'),
('Lop020', 3, '2023-01-09', 'DE215', 4, 'GV020'),

-- thứ 4
('Lop015', 4, '2023-01-10', 'DE111', 1, 'GV015'),
('Lop016', 4, '2023-01-10', 'DE111', 3, 'GV016'),

-- thứ 5
('Lop017', 4, '2023-01-11', 'DE211', 1, 'GV017'),
('Lop018', 4, '2023-01-11', 'DE215', 3, 'GV018'),
('Lop019', 4, '2023-01-11', 'DE211', 2, 'GV019'),
('Lop020', 4, '2023-01-11', 'DE215', 4, 'GV020'),

-- tuần 3 2024-01-15
-- thứ 2
('Lop015', 5, '2023-01-15', 'DE111', 1, 'GV015'),
('Lop016', 5, '2023-01-15', 'DE111', 3, 'GV016'),

-- thứ 3
('Lop017', 5, '2023-01-16', 'DE211', 1, 'GV017'),
('Lop018', 5, '2023-01-16', 'DE215', 3, 'GV018'),
('Lop019', 5, '2023-01-16', 'DE211', 2, 'GV019'),
('Lop020', 5, '2023-01-16', 'DE215', 4, 'GV020'),

-- thứ 4
('Lop015', 6, '2023-01-17', 'DE111', 1, 'GV015'),
('Lop016', 6, '2023-01-17', 'DE111', 3, 'GV016'),

-- thứ 5
('Lop017', 6, '2023-01-18', 'DE211', 1, 'GV017'),
('Lop018', 6, '2023-01-18', 'DE215', 3, 'GV018'),
('Lop019', 6, '2023-01-18', 'DE211', 2, 'GV019'),
('Lop020', 6, '2023-01-18', 'DE215', 4, 'GV020'),

-- tuần 4 2024-01-22
-- thứ 2
('Lop015', 7, '2023-01-22', 'DE111', 1, 'GV015'),
('Lop016', 7, '2023-01-22', 'DE111', 3, 'GV016'),

-- thứ 3
('Lop017', 7, '2023-01-23', 'DE211', 1, 'GV017'),
('Lop018', 7, '2023-01-23', 'DE215', 3, 'GV018'),
('Lop019', 7, '2023-01-23', 'DE211', 2, 'GV019'),
('Lop020', 7, '2023-01-23', 'DE215', 4, 'GV020'),

-- thứ 4
('Lop015', 8, '2023-01-24', 'DE111', 1, 'GV015'),
('Lop016', 8, '2023-01-24', 'DE111', 3, 'GV016'),

-- thứ 5
('Lop017', 8, '2023-01-25', 'DE211', 1, 'GV017'),
('Lop018', 8, '2023-01-25', 'DE215', 3, 'GV018'),
('Lop019', 8, '2023-01-25', 'DE211', 2, 'GV019'),
('Lop020', 8, '2023-01-25', 'DE215', 4, 'GV020'),

-- tuần 5 2024-01-29
-- thứ 2
('Lop015', 9, '2023-01-29', 'DE111', 1, 'GV015'),
('Lop016', 9, '2023-01-29', 'DE111', 3, 'GV016'),

-- thứ 3
('Lop017', 9, '2023-01-30', 'DE211', 1, 'GV017'),
('Lop018', 9, '2023-01-30', 'DE215', 3, 'GV018'),
('Lop019', 9, '2023-01-30', 'DE211', 2, 'GV019'),
('Lop020', 9, '2023-01-30', 'DE215', 4, 'GV020'),

-- thứ 4
('Lop015', 10, '2023-01-31', 'DE111', 1, 'GV015'),
('Lop016', 10, '2023-01-31', 'DE111', 3, 'GV016'),

-- thứ 5
('Lop017', 10, '2023-02-01', 'DE211', 1, 'GV017'),
('Lop018', 10, '2023-02-01', 'DE215', 3, 'GV018'),
('Lop019', 10, '2023-02-01', 'DE211', 2, 'GV019'),
('Lop020', 10, '2023-02-01', 'DE215', 4, 'GV020'),

-- tuần 6 2024-02-19
-- thứ 2
('Lop015', 11, '2023-02-19', 'DE111', 1, 'GV015'),
('Lop016', 11, '2023-02-19', 'DE111', 3, 'GV016'),

-- thứ 3
('Lop017', 11, '2023-02-20', 'DE211', 1, 'GV017'),
('Lop018', 11, '2023-02-20', 'DE215', 3, 'GV018'),
('Lop019', 11, '2023-02-20', 'DE211', 2, 'GV019'),
('Lop020', 11, '2023-02-20', 'DE215', 4, 'GV020'),

-- thứ 4
('Lop015', 12, '2023-02-21', 'DE111', 1, 'GV015'),
('Lop016', 12, '2023-02-21', 'DE111', 3, 'GV016'),

-- thứ 5
('Lop017', 12, '2023-02-22', 'DE211', 1, 'GV017'),
('Lop018', 12, '2023-02-22', 'DE215', 3, 'GV018'),
('Lop019', 12, '2023-02-22', 'DE211', 2, 'GV019'),
('Lop020', 12, '2023-02-22', 'DE215', 4, 'GV020'),

-- tuần 7 2024-02-26
-- thứ 2
('Lop015', 13, '2023-02-26', 'DE111', 1, 'GV015'),
('Lop016', 13, '2023-02-26', 'DE111', 3, 'GV016'),

-- thứ 3
('Lop017', 13, '2023-02-27', 'DE211', 1, 'GV017'),
('Lop018', 13, '2023-02-27', 'DE215', 3, 'GV018'),
('Lop019', 13, '2023-02-27', 'DE211', 2, 'GV019'),
('Lop020', 13, '2023-02-27', 'DE215', 4, 'GV020'),

-- thứ 4
('Lop015', 14, '2023-02-28', 'DE111', 1, 'GV015'),
('Lop016', 14, '2023-02-28', 'DE111', 3, 'GV016'),

-- thứ 5
('Lop017', 14, '2023-03-01', 'DE211', 1, 'GV017'),
('Lop018', 14, '2023-03-01', 'DE215', 3, 'GV018'),
('Lop019', 14, '2023-03-01', 'DE211', 2, 'GV019'),
('Lop020', 14, '2023-03-01', 'DE215', 4, 'GV020'),

-- tuần 8 2024-03-04
-- thứ 2
('Lop015', 15, '2023-03-04', 'DE111', 1, 'GV015'),
('Lop016', 15, '2023-03-04', 'DE111', 3, 'GV016'),

-- thứ 3
('Lop017', 15, '2023-03-05', 'DE211', 1, 'GV017'),
('Lop018', 15, '2023-03-05', 'DE215', 3, 'GV018'),
('Lop019', 15, '2023-03-05', 'DE211', 2, 'GV019'),
('Lop020', 15, '2023-03-05', 'DE215', 4, 'GV020'),

-- thứ 4
('Lop015', 16, '2023-03-06', 'DE111', 1, 'GV015'),
('Lop016', 16, '2023-03-06', 'DE111', 3, 'GV016'),

-- thứ 5
('Lop017', 16, '2023-03-07', 'DE211', 1, 'GV017'),
('Lop018', 16, '2023-03-07', 'DE215', 3, 'GV018'),
('Lop019', 16, '2023-03-07', 'DE211', 2, 'GV019'),
('Lop020', 16, '2023-03-07', 'DE215', 4, 'GV020'),

-- tuần 9 2024-03-11
-- thứ 2
('Lop015', 17, '2023-03-11', 'DE111', 1, 'GV015'),
('Lop016', 17, '2023-03-11', 'DE111', 3, 'GV016'),

-- thứ 3
('Lop017', 17, '2023-03-12', 'DE211', 1, 'GV017'),
('Lop018', 17, '2023-03-12', 'DE215', 3, 'GV018'),
('Lop019', 17, '2023-03-12', 'DE211', 2, 'GV019'),
('Lop020', 17, '2023-03-12', 'DE215', 4, 'GV020'),

-- thứ 4
('Lop015', 18, '2023-03-13', 'DE111', 1, 'GV015'),
('Lop016', 18, '2023-03-13', 'DE111', 3, 'GV016'),

-- thứ 5
('Lop017', 18, '2023-03-14', 'DE211', 1, 'GV017'),
('Lop018', 18, '2023-03-14', 'DE215', 3, 'GV018'),
('Lop019', 18, '2023-03-14', 'DE211', 2, 'GV019'),
('Lop020', 18, '2023-03-14', 'DE215', 4, 'GV020'),

-- tuần 10 2024-03-18
-- thứ 2
('Lop015', 19, '2023-03-18', 'DE111', 1, 'GV015'),
('Lop016', 19, '2023-03-18', 'DE111', 3, 'GV016'),

-- thứ 3
('Lop017', 19, '2023-03-19', 'DE211', 1, 'GV017'),
('Lop018', 19, '2023-03-19', 'DE215', 3, 'GV018'),
('Lop019', 19, '2023-03-19', 'DE211', 2, 'GV019'),
('Lop020', 19, '2023-03-19', 'DE215', 4, 'GV020'),

-- thứ 4
('Lop015', 20, '2023-03-20', 'DE111', 1, 'GV015'),
('Lop016', 20, '2023-03-20', 'DE111', 3, 'GV016'),

-- thứ 5
('Lop017', 20, '2023-03-21', 'DE211', 1, 'GV017'),
('Lop018', 20, '2023-03-21', 'DE215', 3, 'GV018'),
('Lop019', 20, '2023-03-21', 'DE211', 2, 'GV019'),
('Lop020', 20, '2023-03-21', 'DE215', 4, 'GV020');

INSERT INTO SinhVien (MaSV, Ten, NgaySinh, GioiTinh) VALUES
('HE180001', N'Nguyễn Văn A', '2000-01-01', N'Nam'),
('HE180002', N'Trần Thị B', '2000-02-02', N'Nữ'),
('HE180003', N'Lê Văn C', '2000-03-03', N'Nam'),
('HE180004', N'Phạm Thị D', '2000-04-04', N'Nữ'),
('HE180005', N'Hoàng Văn E', '2000-05-05', N'Nam'),
('HE180006', N'Vũ Thị F', '2000-06-06', N'Nữ'),
('HE180007', N'Trần Văn G', '2000-07-07', N'Nam'),
('HE180008', N'Phạm Thị H', '2000-08-08', N'Nữ'),
('HE180009', N'Nguyễn Văn I', '2000-09-09', N'Nam'),
('HE180010', N'Lê Thị K', '2000-10-10', N'Nữ'),
('HE180011', N'Tran Văn L', '2000-11-11', N'Nam'),
('HE180012', N'Vũ Thị M', '2000-12-12', N'Nữ'),
('HE180013', N'Phạm Văn N', '2001-01-01', N'Nam'),
('HE180014', N'Nguyễn Thị O', '2001-02-02', N'Nữ'),
('HE180015', N'Lê Văn P', '2001-03-03', N'Nam'),
('HE180016', N'Hoàng Thị Q', '2001-04-04', N'Nữ'),
('HE180017', N'Trần Văn R', '2001-05-05', N'Nam'),
('HE180018', N'Phạm Thị S', '2001-06-06', N'Nữ'),
('HE180019', N'Vũ Văn T', '2001-07-07', N'Nam'),
('HE180020', N'Nguyễn Thị U', '2001-08-08', N'Nữ');

-- đăng kí lớp cho kỳ fa23
-- Chèn 10 sinh viên đầu vào lớp 'Lop011' và 'Lop013'
INSERT INTO DangKy (MaLop, MaSV) VALUES
('Lop011', 'HE180001'),
('Lop011', 'HE180002'),
('Lop011', 'HE180003'),
('Lop011', 'HE180004'),
('Lop011', 'HE180005'),
('Lop011', 'HE180006'),
('Lop011', 'HE180007'),
('Lop011', 'HE180008'),
('Lop011', 'HE180009'),
('Lop011', 'HE180010'),
('Lop013', 'HE180001'),
('Lop013', 'HE180002'),
('Lop013', 'HE180003'),
('Lop013', 'HE180004'),
('Lop013', 'HE180005'),
('Lop013', 'HE180006'),
('Lop013', 'HE180007'),
('Lop013', 'HE180008'),
('Lop013', 'HE180009'),
('Lop013', 'HE180010');

-- Chèn 10 sinh viên sau vào lớp 'Lop012' và 'Lop014'
INSERT INTO DangKy (MaLop, MaSV) VALUES
('Lop012', 'HE180011'),
('Lop012', 'HE180012'),
('Lop012', 'HE180013'),
('Lop012', 'HE180014'),
('Lop012', 'HE180015'),
('Lop012', 'HE180016'),
('Lop012', 'HE180017'),
('Lop012', 'HE180018'),
('Lop012', 'HE180019'),
('Lop012', 'HE180020'),
('Lop014', 'HE180011'),
('Lop014', 'HE180012'),
('Lop014', 'HE180013'),
('Lop014', 'HE180014'),
('Lop014', 'HE180015'),
('Lop014', 'HE180016'),
('Lop014', 'HE180017'),
('Lop014', 'HE180018'),
('Lop014', 'HE180019'),
('Lop014', 'HE180020');






